tradeid,ticker,type,entry_price,exit_price,size,entry_time,exit_time,pnl,entry_vi,exit_vi,entry_corr,exit_corr
1,AMZN,LONG,224.10000610351562,224.13999938964844,10,2025-07-17 13:50:00,2025-07-17 13:51:00,-1.8414671325683596,89782.0,97471.0,0.766235063554879,0.9376579332693864
2,QQQ,LONG,558.8900146484375,558.8800048828125,10,2025-07-17 13:50:00,2025-07-17 13:51:00,-5.6888977050781255,-73678.0,86642.0,0.8702503153893719,0.6843647406795764
3,QQQ,LONG,559.280029296875,559.2449951171875,10,2025-07-17 13:53:00,2025-07-17 13:54:00,-5.942791748046875,-90567.0,59892.0,0.5247507981600762,0.44286100257058775
4,QQQ,LONG,559.4450073242188,559.6998901367188,10,2025-07-17 14:01:00,2025-07-17 14:04:00,-3.0481707763671873,180542.0,85687.0,0.9116723054968011,0.798861273233606
5,QQQ,LONG,559.6599731445312,559.760009765625,10,2025-07-17 14:08:00,2025-07-17 14:09:00,-4.59723388671875,80381.0,-54409.0,0.8735820894114168,0.8507990917793286
6,QQQ,LONG,559.719970703125,559.6900024414062,10,2025-07-17 14:35:00,2025-07-17 14:36:00,-5.8965826416015625,-101734.0,81241.0,0.9008467991864298,0.8817849846495937
7,QQQ,LONG,560.078125,560.219970703125,10,2025-07-17 14:49:00,2025-07-17 14:50:00,-4.18374267578125,98798.0,119928.0,0.9753499819964982,0.952304573111142
8,QQQ,LONG,560.239990234375,560.10498046875,10,2025-07-17 14:51:00,2025-07-17 14:52:00,-6.9511474609375,-117096.0,80759.0,0.9507916507539321,0.9359708461579868
9,QQQ,LONG,560.489990234375,560.5650024414062,10,2025-07-17 15:01:00,2025-07-17 15:02:00,-4.855527954101563,85827.0,-181121.0,0.959002793193028,0.9579110752545662
11,AAPL,LONG,210.5554962158203,210.44000244140625,10,2025-07-17 15:06:00,2025-07-17 15:08:00,-3.2593377685546874,157024.0,60225.0,0.8266513561207314,0.9323004851568041
10,QQQ,LONG,560.7750244140625,561.1400146484375,10,2025-07-17 15:05:00,2025-07-17 15:08:00,-1.9614978027343755,460631.0,125470.0,0.9922618107768343,0.9893601575140787
12,QQQ,LONG,561.135009765625,561.0599975585938,10,2025-07-17 15:09:00,2025-07-17 15:11:00,-6.360722045898438,127105.0,106807.0,0.9920202758388186,0.8954269128594147
13,AAPL,LONG,210.60499572753906,210.5500030517578,10,2025-07-17 15:10:00,2025-07-17 15:12:00,-2.655426788330078,229079.0,45889.0,0.5565818576231124,0.2800621581478339
14,QQQ,LONG,561.0919799804688,561.1649780273438,10,2025-07-17 15:12:00,2025-07-17 15:13:00,-4.881669311523438,85009.0,50923.0,0.2897210450208033,0.36175306671131385
15,QQQ,LONG,561.1500244140625,561.3400268554688,10,2025-07-17 15:40:00,2025-07-17 15:41:00,-3.7133758544921873,77171.0,79428.0,0.5913950864327581,0.7395130806408078
16,QQQ,LONG,561.47998046875,561.405029296875,10,2025-07-17 15:52:00,2025-07-17 15:53:00,-6.36356201171875,-62761.0,37608.0,0.9714141439038398,0.9869388140974993
17,QQQ,LONG,561.719970703125,561.8099975585938,10,2025-07-17 16:07:00,2025-07-17 16:08:00,-4.717831420898437,52273.0,108246.0,0.781349468356783,0.816105710424626
18,QQQ,LONG,561.8200073242188,561.8699951171875,10,2025-07-17 16:09:00,2025-07-17 16:10:00,-5.118822021484375,50831.0,0.0,0.8279708625730399,0.6569905962596759
19,AAPL,LONG,211.07000732421875,211.13999938964844,10,2025-07-17 16:24:00,2025-07-17 16:25:00,-1.4114793395996093,103036.0,143782.0,0.15187665882297965,-0.14821826213785622
21,QQQ,LONG,561.8200073242188,561.7050170898438,10,2025-07-17 16:30:00,2025-07-17 16:31:00,-6.7669525146484375,-90990.0,76503.0,0.996479517321241,0.9090009595430695
20,AAPL,LONG,211.38890075683594,211.3179931640625,10,2025-07-17 16:30:00,2025-07-17 16:32:00,-2.8222558593750002,114679.0,-63347.0,0.842689313983172,-0.4436790584817492
22,QQQ,LONG,561.9500122070312,561.9349975585938,10,2025-07-17 16:51:00,2025-07-17 16:52:00,-5.769496459960938,-34758.0,-20587.0,0.694741884813663,0.6398173783965153
23,QQQ,LONG,561.8049926757812,561.739990234375,10,2025-07-17 17:02:00,2025-07-17 17:03:00,-6.26742431640625,-64690.0,-39711.0,0.14036982833606865,-0.3941656779491985
24,AAPL,LONG,211.22000122070312,211.27999877929688,10,2025-07-17 17:36:00,2025-07-17 17:37:00,-1.5128244018554686,62657.0,288601.0,0.7608777098693666,0.9510307010119748
25,AAPL,LONG,211.28500366210938,211.21499633789062,10,2025-07-17 17:38:00,2025-07-17 17:39:00,-2.8122232055664065,-37953.0,57979.0,0.42531393140831714,0.3011503879046161
26,QQQ,LONG,561.919921875,561.8900146484375,10,2025-07-17 17:47:00,2025-07-17 17:49:00,-5.917972412109375,144341.0,144199.0,0.9113935992913733,0.8926746431374977
27,QQQ,LONG,561.9149780273438,561.8699951171875,10,2025-07-17 17:50:00,2025-07-17 17:51:00,-6.068529052734375,-47515.0,69212.0,0.7544233004882872,0.18191295983882402
28,AAPL,LONG,211.65699768066406,211.74969482421875,10,2025-07-17 18:01:00,2025-07-17 18:02:00,-1.1905255126953125,95877.0,-64011.0,0.8147417711617541,0.7777900155400657
29,AAPL,LONG,211.6699981689453,211.63499450683594,10,2025-07-17 18:17:00,2025-07-17 18:18:00,-2.4663865661621096,-86829.0,-190250.0,0.8111399450453365,0.7357890839847511
30,QQQ,LONG,561.77001953125,561.7650146484375,10,2025-07-17 18:40:00,2025-07-17 18:41:00,-5.667698974609375,78154.0,-70471.0,0.8203321197296528,0.7578099245639975
31,QQQ,LONG,561.780029296875,561.8049926757812,10,2025-07-17 18:56:00,2025-07-17 18:57:00,-5.368416137695313,38807.0,-36415.0,0.4831977033215486,0.5953716313853887
32,AMZN,LONG,223.7899932861328,223.83999633789062,10,2025-07-17 19:03:00,2025-07-17 19:04:00,-1.7383694458007812,64325.0,61929.0,0.7850963928235163,0.6631099487843582
33,QQQ,LONG,562.110107421875,562.0599975585938,10,2025-07-17 19:04:00,2025-07-17 19:05:00,-6.121698608398438,-84160.0,-60162.0,0.8691293878849595,0.9041070981120299
34,AAPL,LONG,210.97999572753906,211.0,10,2025-07-17 19:20:00,2025-07-17 19:22:00,-1.9099572753906249,134530.0,-78561.0,0.550134540223567,-0.9510913023932892
35,QQQ,LONG,561.8499755859375,561.8800048828125,10,2025-07-17 19:29:00,2025-07-17 19:30:00,-5.318507080078125,73215.0,169802.0,0.5319504289969329,0.5900049321711741
37,AMZN,LONG,224.23519897460938,224.38499450683594,10,2025-07-17 19:32:00,2025-07-17 19:34:00,-0.7458946228027346,101992.0,166846.0,0.9896077890721462,0.5780605858458198
36,QQQ,LONG,561.9949951171875,562.0349731445312,10,2025-07-17 19:31:00,2025-07-17 19:34:00,-5.220569458007812,112338.0,95828.0,0.7332620645053944,0.8484399247955361
38,AMZN,LONG,224.41000366210938,224.41000366210938,10,2025-07-17 19:35:00,2025-07-17 19:36:00,-2.2441000366210937,73457.0,-58633.0,0.4231350521537114,-0.03421117648267679
39,QQQ,LONG,562.0549926757812,561.9949951171875,10,2025-07-17 19:36:00,2025-07-17 19:37:00,-6.219925537109375,-313933.0,-100746.0,0.5661944426899234,0.5768238614101764
40,AMZN,LONG,224.2449951171875,224.28500366210938,10,2025-07-17 19:48:00,2025-07-17 19:49:00,-1.842764587402344,79074.0,-75638.0,0.9207161322861026,0.923752172838596
41,QQQ,LONG,561.9949951171875,561.9500122070312,10,2025-07-17 19:48:00,2025-07-17 19:49:00,-6.0693292236328125,-76620.0,330189.0,0.9305332096281813,0.9107312067807188
42,QQQ,LONG,561.9849853515625,561.72998046875,10,2025-07-17 19:50:00,2025-07-17 19:51:00,-8.1673486328125,-246618.0,387903.0,0.976758644938642,0.9837688054982412
44,QQQ,LONG,562.0999755859375,562.0800170898438,10,2025-07-17 19:53:00,2025-07-17 19:54:00,-5.820385131835938,-167644.0,-293083.0,0.9173471021242047,0.8778450112188927
43,AMZN,LONG,224.3699951171875,224.19000244140625,10,2025-07-17 19:53:00,2025-07-17 19:55:00,-4.041826782226563,159806.0,-418500.0,0.8943243940161947,0.8017836233608412
45,MSFT,LONG,512.3400268554688,512.1099853515625,10,2025-07-17 19:54:00,2025-07-17 19:55:00,-7.421514892578125,-138472.0,-279348.0,0.8179370715733205,0.6507512968606399
46,QQQ,LONG,561.9000244140625,563.1099243164062,10,2025-07-17 19:59:00,2025-07-18 13:30:00,6.467899780273437,-759496.0,2593940.0,0.7028436709823815,0.9741862055000079
47,AMZN,LONG,224.7899932861328,224.75950622558594,10,2025-07-18 13:31:00,2025-07-18 13:32:00,-2.5524656677246096,-198452.0,241472.0,0.804608203979606,0.6404189186230763
48,MSFT,LONG,512.1500244140625,513.277587890625,10,2025-07-18 13:31:00,2025-07-18 13:32:00,6.1428588867187495,107514.0,-47345.0,0.36553871912114205,0.43773379789398176
49,QQQ,LONG,562.530029296875,563.010009765625,10,2025-07-18 13:31:00,2025-07-18 13:33:00,-0.8302954101562499,178011.0,148146.0,0.9699511758166612,0.9840291542767552
50,AAPL,LONG,210.77999877929688,210.7050018310547,10,2025-07-18 13:32:00,2025-07-18 13:34:00,-2.857019500732422,228867.0,-250228.0,0.8295010752417347,0.909997108899116
51,AMZN,LONG,225.0850067138672,225.0399932861328,10,2025-07-18 13:33:00,2025-07-18 13:34:00,-2.700534210205078,-203423.0,-129998.0,0.6714179227465576,0.6895547018072253
52,QQQ,LONG,563.1599731445312,562.9199829101562,10,2025-07-18 13:34:00,2025-07-18 13:35:00,-8.029102172851562,-106510.0,-154406.0,0.9737148511712606,0.871064541824826
53,QQQ,LONG,562.469970703125,562.1799926757812,10,2025-07-18 13:38:00,2025-07-18 13:39:00,-8.521580200195313,-128784.0,83520.0,0.6003407586580438,0.9109166819881788
54,AMZN,LONG,225.13999938964844,224.89999389648438,10,2025-07-18 13:40:00,2025-07-18 13:41:00,-4.649054870605468,-100109.0,61450.0,0.6089728449007435,0.5026073582517606
55,AAPL,LONG,210.4801025390625,210.14999389648438,10,2025-07-18 13:48:00,2025-07-18 13:49:00,-5.402586364746094,-148661.0,130675.0,-0.07211598110742891,0.00325419276467052
56,QQQ,LONG,562.9400024414062,562.780029296875,10,2025-07-18 13:48:00,2025-07-18 13:50:00,-7.22753173828125,124948.0,83463.0,0.7809334395911507,0.8304806525603469
57,AMZN,LONG,225.36050415039062,224.47000122070312,10,2025-07-18 13:52:00,2025-07-18 13:53:00,-11.149729309082032,-248584.0,93685.0,0.8683362308751974,0.9329644541032207
58,AAPL,LONG,210.21189880371094,210.27000427246094,10,2025-07-18 14:21:00,2025-07-18 14:22:00,-1.5216453552246092,60108.0,-98852.0,0.3574734443874668,0.8038779908407445
59,AAPL,LONG,210.14410400390625,210.1699981689453,10,2025-07-18 14:34:00,2025-07-18 14:35:00,-1.8427583312988283,61377.0,-96410.0,0.9594325326484724,0.8763822641363539
60,QQQ,LONG,560.9299926757812,560.5599975585938,10,2025-07-18 14:37:00,2025-07-18 14:38:00,-9.305551147460939,-118367.0,63947.0,0.9126099178256495,0.914569458690476
61,QQQ,LONG,561.0499877929688,561.2000122070312,10,2025-07-18 14:44:00,2025-07-18 14:45:00,-4.111755981445312,74379.0,143179.0,0.4333018083585408,0.5712230619357126
62,QQQ,LONG,561.3099975585938,561.0499877929688,10,2025-07-18 14:46:00,2025-07-18 14:47:00,-8.210597534179687,-99908.0,-75208.0,0.8268502357704207,0.854801282479229
63,QQQ,LONG,560.905029296875,561.02001953125,10,2025-07-18 14:50:00,2025-07-18 14:51:00,-4.4602978515625,76163.0,86603.0,0.9136846423434192,0.6652745761215072
64,AAPL,LONG,210.92999267578125,210.92999267578125,10,2025-07-18 14:56:00,2025-07-18 14:58:00,-2.1092999267578127,110172.0,-112694.0,0.9232002540435968,0.8265830951824032
65,QQQ,LONG,560.9000244140625,560.7750244140625,10,2025-07-18 15:14:00,2025-07-18 15:15:00,-6.857750244140625,-37046.0,39166.0,0.8099047289338174,0.6887774438297657
66,AMZN,LONG,224.2100067138672,224.1699981689453,10,2025-07-18 15:17:00,2025-07-18 15:18:00,-2.6417854309082034,-36286.0,392040.0,0.8380829068484215,0.6348142874257962
67,AMZN,LONG,224.24000549316406,224.13999938964844,10,2025-07-18 15:19:00,2025-07-18 15:20:00,-3.2414610290527346,-56272.0,58133.0,0.7695322087129968,0.8839528375011595
68,QQQ,LONG,560.8499755859375,560.7100219726562,10,2025-07-18 15:23:00,2025-07-18 15:24:00,-7.006636352539062,-34578.0,43568.0,0.9630736075010894,0.9551215738054623
69,QQQ,LONG,561.239990234375,561.3200073242188,10,2025-07-18 15:31:00,2025-07-18 15:32:00,-4.813029174804687,74658.0,-67291.0,0.6993293921284857,0.8891979689221001
70,QQQ,LONG,561.4400024414062,561.3699951171875,10,2025-07-18 15:34:00,2025-07-18 15:35:00,-6.313773193359375,-206502.0,178567.0,0.9078276581844673,0.8531854313397287
71,QQQ,LONG,561.510009765625,561.4099731445312,10,2025-07-18 15:36:00,2025-07-18 15:37:00,-6.614465942382813,-51249.0,48981.0,0.9948344950183065,0.9929438309020832
72,AAPL,LONG,210.97999572753906,210.97500610351562,10,2025-07-18 15:44:00,2025-07-18 15:45:00,-2.1596463012695315,-71311.0,56472.0,0.20854244078031073,-0.08269215292398382
73,QQQ,LONG,561.8400268554688,561.864990234375,10,2025-07-18 15:51:00,2025-07-18 15:52:00,-5.36901611328125,70145.0,-48677.0,0.9443182436321454,0.38492133922855803
74,QQQ,LONG,561.780029296875,561.530029296875,10,2025-07-18 16:03:00,2025-07-18 16:04:00,-8.115300292968751,-166503.0,57100.0,0.8431801365139995,0.7539183455175587
75,AAPL,LONG,211.0500030517578,210.90040588378906,10,2025-07-18 16:25:00,2025-07-18 16:26:00,-3.6049757385253907,-156656.0,-118399.0,0.7592401048425205,0.8350374052434643
76,AAPL,LONG,211.2100067138672,211.30999755859375,10,2025-07-18 16:39:00,2025-07-18 16:40:00,-1.1131915283203124,87298.0,142522.0,0.9307377414853786,0.9722898702122088
77,AAPL,LONG,211.5,211.5500030517578,10,2025-07-18 16:41:00,2025-07-18 16:43:00,-1.6154695129394532,131478.0,92860.0,0.8720293885802911,0.784674810112042
78,AAPL,LONG,211.65130615234375,211.75,10,2025-07-18 16:45:00,2025-07-18 16:46:00,-1.1305615234375002,78425.0,-92188.0,0.6181397586172228,0.7881542585532474
79,MSFT,LONG,509.3399963378906,509.7149963378906,10,2025-07-18 16:45:00,2025-07-18 16:46:00,-1.3471499633789064,36100.0,-27632.0,0.9142879347231896,0.9894098427803297
80,AMZN,LONG,225.64999389648438,225.6501007080078,10,2025-07-18 16:47:00,2025-07-18 16:48:00,-2.2554328918457034,135102.0,-64237.0,0.4446692537034634,0.4989834455071707
81,AMZN,LONG,225.97999572753906,225.85589599609375,10,2025-07-18 16:52:00,2025-07-18 16:53:00,-3.4995562744140627,-61275.0,-54303.0,0.869647707586451,0.8075468534753666
82,QQQ,LONG,560.5499267578125,560.7999877929688,10,2025-07-18 17:13:00,2025-07-18 17:15:00,-3.1073895263671876,137357.0,-151687.0,0.9134175471188314,0.852152013057432
83,QQQ,LONG,560.77001953125,560.6500244140625,10,2025-07-18 17:18:00,2025-07-18 17:19:00,-6.8064514160156255,-416177.0,-90295.0,0.9904083887132873,0.9845323601318821
84,QQQ,LONG,560.9299926757812,560.7899780273438,10,2025-07-18 17:24:00,2025-07-18 17:25:00,-7.008046264648438,-87304.0,51519.0,0.8085500102376595,0.8620375172876664
85,MSFT,LONG,511.1109924316406,511.0899963378906,10,2025-07-18 17:33:00,2025-07-18 17:34:00,-5.320860900878906,11913.0,-22196.0,0.9312850295292706,0.46567756309852854
86,QQQ,LONG,560.9451293945312,561.030029296875,10,2025-07-18 17:38:00,2025-07-18 17:39:00,-4.76130126953125,20948.0,41570.0,0.7443446850785007,0.8575297673496538
87,QQQ,LONG,560.905029296875,560.969970703125,10,2025-07-18 18:02:00,2025-07-18 18:04:00,-4.96028564453125,1767886.0,89198.0,0.8648076170110095,0.7708937040907546
88,AAPL,LONG,211.2050018310547,211.1822052001953,10,2025-07-18 18:06:00,2025-07-18 18:07:00,-2.339788360595703,-25002.0,-30751.0,0.07392114817031159,0.6673089240029624
89,QQQ,LONG,560.8300170898438,560.9099731445312,10,2025-07-18 18:20:00,2025-07-18 18:21:00,-4.809539184570313,33467.0,44510.0,0.9391015525348229,0.22366496101441136
90,AMZN,LONG,225.97000122070312,225.9949951171875,10,2025-07-18 18:30:00,2025-07-18 18:31:00,-2.0100109863281252,67919.0,-89681.0,0.030702070711381042,0.3618629160099717
91,QQQ,LONG,561.0499877929688,561.02001953125,10,2025-07-18 18:34:00,2025-07-18 18:35:00,-5.9098828125,-27349.0,147767.0,0.9601217028073102,0.9599887212959894
92,QQQ,LONG,561.064697265625,561.010009765625,10,2025-07-18 18:36:00,2025-07-18 18:37:00,-6.15697509765625,98542.0,-20904.0,0.956794316014554,0.9606799693664368
93,AMZN,LONG,225.97999572753906,225.99000549316406,10,2025-07-18 18:37:00,2025-07-18 18:38:00,-2.1598023986816406,42134.0,-30719.0,0.016928480000400998,-0.4759132001819931
94,AMZN,LONG,226.0,225.89500427246094,10,2025-07-18 18:45:00,2025-07-18 18:46:00,-3.3089073181152346,-73053.0,-102533.0,0.31791980002090514,0.10229695025943299
95,QQQ,LONG,561.114990234375,561.0850219726562,10,2025-07-18 19:17:00,2025-07-18 19:18:00,-5.910532836914062,-38314.0,121164.0,0.9260152526317529,0.8477621194662933
96,QQQ,LONG,561.0999755859375,561.3499755859375,10,2025-07-18 19:19:00,2025-07-18 19:21:00,-3.113499755859375,158163.0,-89461.0,0.8632892358326753,0.870569440625674
97,QQQ,LONG,560.8900146484375,560.9550170898438,10,2025-07-18 19:47:00,2025-07-18 19:48:00,-4.959525756835937,51425.0,-286962.0,0.9508108477505749,0.7373618259695699
98,AMZN,LONG,226.0,226.0500030517578,10,2025-07-18 19:51:00,2025-07-18 19:52:00,-1.7604695129394532,229453.0,-130154.0,0.22735324288534137,0.2937249175239352
99,QQQ,LONG,561.0900268554688,561.1849975585938,10,2025-07-18 19:52:00,2025-07-18 19:53:00,-4.662142944335938,532273.0,115672.0,0.4380278493530875,0.29152259070743636
100,AAPL,LONG,211.02000427246094,211.1199951171875,10,2025-07-18 19:55:00,2025-07-18 19:56:00,-1.11129150390625,274912.0,-176724.0,0.3945159362321267,0.4384656750906116
103,AMZN,LONG,226.24000549316406,226.84500122070312,10,2025-07-21 13:31:00,2025-07-21 13:32:00,3.7815072631835935,551312.0,-135574.0,0.23895630951309596,0.2003474718035041
104,MSFT,SHORT,506.927001953125,506.8500061035156,-10,2025-07-21 13:31:00,2025-07-21 13:33:00,-5.838458557128907,-133578.0,98812.0,-0.9738094528603048,-0.9906005596237109
101,AAPL,LONG,212.0500030517578,212.3300018310547,10,2025-07-21 13:30:00,2025-07-21 13:34:00,0.6766877746582032,3199258.0,432155.0,0.9626176345340146,0.584526820915581
105,AAPL,LONG,212.8800048828125,212.91329956054688,10,2025-07-21 13:35:00,2025-07-21 13:36:00,-1.796186218261719,-614004.0,566309.0,0.2551748945114993,0.2793254801262435
106,AMZN,LONG,227.27999877929688,227.03500366210938,10,2025-07-21 13:36:00,2025-07-21 13:37:00,-4.720301208496094,-238371.0,-176955.0,0.5053362316457779,0.43139801538384615
102,QQQ,LONG,562.1400146484375,563.530029296875,10,2025-07-21 13:30:00,2025-07-21 13:38:00,8.26484619140625,1357144.0,124923.0,0.9956198250561248,0.9456560504614212
107,AAPL,LONG,213.5399932861328,213.8300018310547,10,2025-07-21 13:39:00,2025-07-21 13:41:00,0.761785430908203,503818.0,442386.0,0.6216511628980942,0.7036215786129688
109,AMZN,LONG,227.13999938964844,227.15499877929688,10,2025-07-21 13:40:00,2025-07-21 13:41:00,-2.121556091308594,221381.0,272264.0,0.4213147278825908,0.753153131930795
108,QQQ,LONG,563.5399780273438,563.7999877929688,10,2025-07-21 13:39:00,2025-07-21 13:41:00,-3.037902221679688,187110.0,140371.0,0.9423080712718129,0.9044788614388605
110,AAPL,LONG,214.11500549316406,214.52000427246094,10,2025-07-21 13:42:00,2025-07-21 13:43:00,1.9047877502441404,662970.0,479583.0,0.45258689571199556,0.6964867071742945
111,AMZN,LONG,227.31500244140625,227.56959533691406,10,2025-07-21 13:42:00,2025-07-21 13:44:00,0.27023300170898423,383512.0,245733.0,0.7941824010525278,0.9531619082040772
112,QQQ,LONG,563.9600219726562,564.0477294921875,10,2025-07-21 13:42:00,2025-07-21 13:44:00,-4.763402099609375,327486.0,-107144.0,0.8447363987720712,0.7712566317473807
113,AAPL,LONG,214.67999267578125,214.67999267578125,10,2025-07-21 13:44:00,2025-07-21 13:45:00,-2.1467999267578124,-368033.0,867028.0,0.3179693063277823,0.7736988267355663
114,AMZN,LONG,227.7104034423828,227.64999389648438,10,2025-07-21 13:45:00,2025-07-21 13:46:00,-2.880595397949219,-260849.0,-379994.0,0.001252395441536649,0.09118768249557553
115,AAPL,LONG,215.39999389648438,214.71499633789062,10,2025-07-21 13:46:00,2025-07-21 13:48:00,-8.997125549316406,655378.0,-381902.0,0.7901781601453758,0.8708757835718962
116,QQQ,LONG,564.7349853515625,564.9901123046875,10,2025-07-21 13:46:00,2025-07-21 13:50:00,-3.0986315917968748,245403.0,-234219.0,0.9689721590389142,0.938717830375888
117,QQQ,LONG,564.8800048828125,564.9199829101562,10,2025-07-21 13:52:00,2025-07-21 13:53:00,-5.249419555664063,91872.0,-125266.0,0.9080879682118115,0.922653390449595
118,QQQ,LONG,564.8800048828125,565.0900268554688,10,2025-07-21 13:55:00,2025-07-21 13:56:00,-3.550680541992188,92393.0,161374.0,0.8525112169346603,0.9471553618695127
119,QQQ,LONG,565.239990234375,564.97998046875,10,2025-07-21 13:57:00,2025-07-21 13:58:00,-8.2498974609375,-150712.0,-205223.0,0.967118126577955,0.9531186425798661
120,AMZN,LONG,227.58999633789062,227.24000549316406,10,2025-07-21 14:01:00,2025-07-21 14:02:00,-5.772308502197266,-132857.0,187547.0,0.9832338464660065,0.9446547440378803
121,QQQ,LONG,565.489990234375,565.22998046875,10,2025-07-21 14:01:00,2025-07-21 14:02:00,-8.2523974609375,-296727.0,81871.0,0.973779882692882,0.9727101094083365
122,AMZN,LONG,227.6300048828125,227.55999755859375,10,2025-07-21 14:05:00,2025-07-21 14:06:00,-2.9756732177734375,-110862.0,-86865.0,0.7947551391886394,0.7187466577723565
123,QQQ,LONG,565.489990234375,565.4249877929688,10,2025-07-21 14:07:00,2025-07-21 14:08:00,-6.304274291992187,-74202.0,-67455.0,0.6797628577417318,0.6269695129267586
124,AAPL,LONG,214.50999450683594,214.55999755859375,10,2025-07-21 14:13:00,2025-07-21 14:16:00,-1.6455694580078126,174514.0,-178277.0,0.5257233322106697,0.5602901934763843
125,AAPL,LONG,214.64010620117188,214.9698944091797,10,2025-07-21 14:20:00,2025-07-21 14:22:00,1.148183135986328,318066.0,-186805.0,0.7437892390273323,0.33998948816256425
126,QQQ,LONG,565.7100219726562,565.6699829101562,10,2025-07-21 14:21:00,2025-07-21 14:23:00,-6.057090454101562,235790.0,-70943.0,0.9220301148458304,0.9836621313916429
127,AMZN,LONG,227.74000549316406,227.5500030517578,10,2025-07-21 14:24:00,2025-07-21 14:25:00,-4.175524444580079,-118276.0,93967.0,0.6877017068129769,-0.13114681915188217
128,AAPL,LONG,214.6199951171875,214.49380493164062,10,2025-07-21 14:27:00,2025-07-21 14:28:00,-3.4068399047851563,-136720.0,131436.0,0.6093440091173337,0.6584012239477666
129,AAPL,LONG,214.60719299316406,214.25,10,2025-07-21 14:29:00,2025-07-21 14:31:00,-5.714429931640625,113311.0,265622.0,0.8783324482945661,0.5192489192067412
130,AMZN,LONG,228.0299072265625,228.02000427246094,10,2025-07-21 14:32:00,2025-07-21 14:33:00,-2.3792295837402344,-148692.0,-182132.0,0.7001358297187965,0.8146325815184448
131,QQQ,LONG,565.97998046875,565.989990234375,10,2025-07-21 14:32:00,2025-07-21 14:33:00,-5.55980224609375,-107198.0,-146978.0,0.4725723061557257,0.6534400365566004
132,QQQ,LONG,565.9199829101562,565.8599853515625,10,2025-07-21 14:36:00,2025-07-21 14:37:00,-6.258575439453125,-87627.0,-116070.0,0.6966929119501987,0.660639852635498
133,AMZN,LONG,228.00999450683594,228.03500366210938,10,2025-07-21 14:56:00,2025-07-21 14:57:00,-2.0302584838867186,61399.0,98425.0,0.5434053903221797,0.19894868042603
134,AMZN,LONG,228.10000610351562,228.02000427246094,10,2025-07-21 15:00:00,2025-07-21 15:01:00,-3.0802183532714844,-81879.0,112072.0,0.8402641631203096,0.9962247178288981
135,QQQ,LONG,565.4500122070312,565.280029296875,10,2025-07-21 15:00:00,2025-07-21 15:01:00,-7.35262939453125,-73352.0,-54442.0,0.8472541559179553,0.7360608907102077
136,AMZN,LONG,228.04559326171875,228.127197265625,10,2025-07-21 15:02:00,2025-07-21 15:04:00,-1.46523193359375,101104.0,-96071.0,0.9754465134572015,0.9440315632522527
137,AAPL,LONG,213.43040466308594,213.39500427246094,10,2025-07-21 15:19:00,2025-07-21 15:20:00,-2.4879539489746096,-80555.0,-170343.0,0.5025381787560775,-0.4602382936536247
138,AAPL,LONG,213.5449981689453,213.47000122070312,10,2025-07-21 15:36:00,2025-07-21 15:37:00,-2.8846694946289064,-61575.0,-73360.0,0.9171867150126978,0.9305371005113725
139,MSFT,LONG,510.739990234375,510.8599853515625,10,2025-07-21 16:50:00,2025-07-21 16:51:00,-3.908648681640625,15343.0,20875.0,0.9464832411896843,0.3728701076593366
140,QQQ,LONG,565.5599975585938,565.5999755859375,10,2025-07-21 16:53:00,2025-07-21 16:54:00,-5.2562194824218755,65032.0,66083.0,0.8065919603307362,0.8822784318119334
141,AAPL,LONG,213.5500030517578,213.5198974609375,10,2025-07-21 17:00:00,2025-07-21 17:01:00,-2.4362548828125,-63167.0,-49921.0,0.7926715697222604,0.6854122980153884
142,AMZN,LONG,228.82000732421875,228.8699951171875,10,2025-07-21 17:01:00,2025-07-21 17:02:00,-1.7888220214843749,79715.0,60868.0,0.6057590280014344,0.6001249907245192
143,QQQ,LONG,565.8298950195312,565.8800048828125,10,2025-07-21 17:17:00,2025-07-21 17:18:00,-5.157701416015625,22549.0,-25604.0,0.9548299560020105,0.9190069983406509
144,QQQ,LONG,565.9400024414062,565.9099731445312,10,2025-07-21 17:29:00,2025-07-21 17:30:00,-5.959392700195313,-18719.0,67582.0,0.923530284226437,0.9526035742086343
145,QQQ,LONG,565.9349975585938,565.97998046875,10,2025-07-21 17:55:00,2025-07-21 17:56:00,-5.209970703125,32042.0,-74296.0,0.8683093344718946,0.4583354270335553
146,AMZN,LONG,229.55499267578125,229.52499389648438,10,2025-07-21 18:16:00,2025-07-21 18:17:00,-2.5952377319335938,-48175.0,-65662.0,0.317634118598054,0.5652610016825511
147,AMZN,LONG,229.13999938964844,229.10000610351562,10,2025-07-21 19:15:00,2025-07-21 19:16:00,-2.6909329223632814,-58839.0,-66143.0,-0.12097429281421397,0.04593366925245063
148,AMZN,LONG,229.47999572753906,229.47999572753906,10,2025-07-21 19:36:00,2025-07-21 19:37:00,-2.2947999572753908,69081.0,-51234.0,0.9589531990078356,0.8819202684972033
149,AMZN,LONG,229.5800018310547,229.52999877929688,10,2025-07-21 19:39:00,2025-07-21 19:40:00,-2.7953305053710937,-124457.0,-148406.0,0.6699248466825362,0.8601466427341925
150,QQQ,LONG,564.8800048828125,564.8350219726562,10,2025-07-21 19:39:00,2025-07-21 19:40:00,-6.098179321289063,-68664.0,63581.0,0.7873301718056017,0.7861711791473459
151,AMZN,SHORT,229.1999969482422,229.14999389648438,-10,2025-07-21 19:47:00,2025-07-21 19:48:00,-2.7915304565429686,-55012.0,67851.0,0.05230672271175627,0.6391048579339482
152,AAPL,LONG,213.23500061035156,212.5,10,2025-07-22 13:30:00,2025-07-22 13:31:00,-9.475006103515625,-2738746.0,223375.0,0.8082538376813374,0.8956418699284305
153,MSFT,LONG,510.95001220703125,509.4649963378906,10,2025-07-22 13:30:00,2025-07-22 13:32:00,-19.944808654785156,432232.0,43377.0,0.9075462959298312,0.32889494252542545
154,AAPL,LONG,212.57009887695312,212.39999389648438,10,2025-07-22 13:32:00,2025-07-22 13:33:00,-3.8250497436523436,-179336.0,148889.0,0.749375871690147,0.7458065658568735
155,AAPL,LONG,212.6199951171875,212.47999572753906,10,2025-07-22 13:34:00,2025-07-22 13:35:00,-3.524793853759766,-174237.0,117280.0,0.4804560025309471,0.7547911633265361
156,AAPL,LONG,212.67599487304688,213.00999450683594,10,2025-07-22 13:36:00,2025-07-22 13:38:00,1.2098963928222655,136934.0,171188.0,0.5584512700402616,0.45039844352824354
157,AMZN,LONG,229.93499755859375,229.8000030517578,10,2025-07-22 13:39:00,2025-07-22 13:40:00,-3.6479450988769533,-293659.0,-238051.0,0.7611166998567117,0.5556403523928823
158,AAPL,LONG,213.11000061035156,212.9199981689453,10,2025-07-22 13:52:00,2025-07-22 13:53:00,-4.029224395751953,-314666.0,-303510.0,0.6008875552867265,0.5004453390205394
159,AAPL,LONG,213.52999877929688,213.4600067138672,10,2025-07-22 13:57:00,2025-07-22 13:58:00,-2.834520721435547,-228564.0,184806.0,0.8599005137010362,0.9055372382647091
160,AAPL,LONG,213.47500610351562,213.27999877929688,10,2025-07-22 13:59:00,2025-07-22 14:01:00,-4.082873229980469,137740.0,199559.0,0.8104129444045849,0.5827835385231998
161,AAPL,LONG,213.6699981689453,213.31500244140625,10,2025-07-22 14:02:00,2025-07-22 14:03:00,-5.683107299804687,-175708.0,85070.0,0.2952895741374498,0.29570830792983144
162,QQQ,LONG,559.9099731445312,559.8499755859375,10,2025-07-22 14:08:00,2025-07-22 14:09:00,-6.198475341796875,-174083.0,182944.0,0.8809836762727783,0.8875111869207284
163,QQQ,LONG,560.2100219726562,560.0599975585938,10,2025-07-22 14:10:00,2025-07-22 14:12:00,-7.100844116210937,298859.0,-149509.0,0.8961811318785637,0.9535260545078713
164,AMZN,LONG,227.69000244140625,227.64549255371094,10,2025-07-22 14:14:00,2025-07-22 14:15:00,-2.7215538024902344,-92210.0,68272.0,0.49209491158905255,0.6914736631397105
165,QQQ,LONG,560.3699951171875,560.3300170898438,10,2025-07-22 14:14:00,2025-07-22 14:15:00,-6.003080444335938,-81697.0,181432.0,0.8418959747371116,0.8822742177725925
166,QQQ,LONG,560.6699829101562,560.4249877929688,10,2025-07-22 14:16:00,2025-07-22 14:17:00,-8.054201049804687,-119833.0,-101715.0,0.9005574576180887,0.915427751370676
167,AMZN,LONG,227.8000030517578,227.85000610351562,10,2025-07-22 14:17:00,2025-07-22 14:18:00,-1.7784695434570312,61849.0,-128577.0,0.6034991724669685,0.5481817434962666
168,QQQ,LONG,560.6699829101562,560.6400146484375,10,2025-07-22 14:32:00,2025-07-22 14:33:00,-5.906082763671875,-85216.0,52491.0,0.927844631560939,0.8346960848530675
169,AAPL,LONG,213.47000122070312,213.47999572753906,10,2025-07-22 14:35:00,2025-07-22 14:36:00,-2.0348548889160156,83507.0,-64781.0,0.5207626454598213,0.5047450161675126
170,QQQ,LONG,560.8300170898438,561.0700073242188,10,2025-07-22 14:35:00,2025-07-22 14:37:00,-3.210797729492188,219849.0,111697.0,0.9539619270467999,0.7990604280499469
171,QQQ,LONG,561.1799926757812,560.9600219726562,10,2025-07-22 14:38:00,2025-07-22 14:39:00,-7.809307250976563,-130566.0,131465.0,0.8276727270157046,0.7987477481165136
172,QQQ,LONG,561.0499877929688,561.0599975585938,10,2025-07-22 14:40:00,2025-07-22 14:41:00,-5.510502319335938,223595.0,76813.0,0.2154280338329215,0.7142122156098463
173,MSFT,LONG,509.5,509.364990234375,10,2025-07-22 14:44:00,2025-07-22 14:45:00,-6.44374755859375,-18838.0,13748.0,0.9464204521811571,0.9507536886637001
174,QQQ,LONG,561.4500122070312,561.280029296875,10,2025-07-22 15:01:00,2025-07-22 15:02:00,-7.31262939453125,-69810.0,-175240.0,0.8564446176232388,0.8796142123627533
175,QQQ,LONG,561.530029296875,561.2949829101562,10,2025-07-22 15:35:00,2025-07-22 15:36:00,-7.963413696289063,-53012.0,-82418.0,0.9720300400996559,0.9643015714859425
176,AAPL,LONG,213.36000061035156,213.518798828125,10,2025-07-22 15:38:00,2025-07-22 15:39:00,-0.5472058105468749,345478.0,-139045.0,0.41493091466985393,0.678132020876919
177,QQQ,LONG,561.510009765625,561.3699951171875,10,2025-07-22 15:38:00,2025-07-22 15:39:00,-7.013846435546875,-47832.0,-50917.0,0.9381724846749885,0.9152417305294855
178,AAPL,LONG,213.16000366210938,213.14999389648438,10,2025-07-22 15:52:00,2025-07-22 15:53:00,-2.231597595214844,81432.0,-47542.0,0.9744677168667822,0.5790536321697533
179,AMZN,LONG,226.92999267578125,226.8800048828125,10,2025-07-22 16:15:00,2025-07-22 16:16:00,-2.7686779785156252,-38141.0,21039.0,-0.06760722882633849,-0.2555703495533546
180,AAPL,SHORT,213.07000732421875,213.24000549316406,-10,2025-07-22 16:29:00,2025-07-22 16:30:00,-0.43241836547851564,107359.0,63240.0,0.49942560014435844,0.4404801646709292
181,QQQ,LONG,560.6649780273438,560.6099853515625,10,2025-07-22 16:53:00,2025-07-22 16:54:00,-6.156026611328125,0.0,69648.0,0.9071819977844304,0.9119028026552894
182,AAPL,LONG,213.8300018310547,213.6999969482422,10,2025-07-22 17:16:00,2025-07-22 17:17:00,-3.4370487976074218,-41166.0,32011.0,0.8610078521043183,0.5886258116072681
183,AAPL,LONG,213.91000366210938,213.9199981689453,10,2025-07-22 17:19:00,2025-07-22 17:20:00,-2.0392549133300784,-55692.0,67096.0,0.6462599255231936,0.3365820780943603
184,QQQ,LONG,561.2849731445312,561.27001953125,10,2025-07-22 17:23:00,2025-07-22 17:24:00,-5.762236328125,-64900.0,-53679.0,0.9298833369391432,0.9401943192122821
186,QQQ,LONG,561.489990234375,561.4949951171875,10,2025-07-22 17:26:00,2025-07-22 17:27:00,-5.564901123046875,47091.0,50226.0,0.9755132825425376,0.9733236520540232
185,AAPL,LONG,214.16000366210938,214.17999267578125,10,2025-07-22 17:26:00,2025-07-22 17:28:00,-1.9419097900390625,109595.0,161497.0,0.6292562259653272,0.794610932047281
187,AAPL,LONG,214.42999267578125,214.39999389648438,10,2025-07-22 17:29:00,2025-07-22 17:30:00,-2.4439877319335936,-135023.0,-94688.0,0.8081318560991357,0.6942261776179018
188,QQQ,LONG,561.8900146484375,561.8200073242188,10,2025-07-22 17:29:00,2025-07-22 17:30:00,-6.318273315429687,-78519.0,100353.0,0.9855999156422542,0.9917953900348906
189,MSFT,LONG,507.5899963378906,507.489990234375,10,2025-07-22 17:31:00,2025-07-22 17:32:00,-6.0749609375,-9372.0,12646.0,0.9640812353135287,0.9654348787504844
190,QQQ,LONG,561.8699951171875,561.6699829101562,10,2025-07-22 17:31:00,2025-07-22 17:32:00,-7.616821899414062,-77357.0,118551.0,0.9924729131055107,0.9974188585001786
191,AAPL,LONG,214.28599548339844,214.3800048828125,10,2025-07-22 17:32:00,2025-07-22 17:33:00,-1.2037060546875002,73822.0,-110962.0,0.6130016196653744,-0.2322281290597164
192,QQQ,LONG,561.760009765625,561.6599731445312,10,2025-07-22 17:33:00,2025-07-22 17:34:00,-6.616965942382812,-37484.0,0.0,0.9416394141988194,0.9344816088766564
193,AAPL,SHORT,213.8634033203125,214.0500030517578,-10,2025-07-22 18:00:00,2025-07-22 18:01:00,-0.2745027160644531,56161.0,-43488.0,0.7737249844770848,0.9168093312713262
194,QQQ,LONG,561.5399780273438,561.7100219726562,10,2025-07-22 18:35:00,2025-07-22 18:38:00,-3.916660766601563,106490.0,41739.0,0.95751982713525,0.9143017155388709
195,AMZN,LONG,227.64999389648438,227.72000122070312,10,2025-07-22 18:48:00,2025-07-22 18:49:00,-1.5771267700195315,41177.0,52962.0,0.616884291531173,0.619452864704796
196,AAPL,LONG,214.2899932861328,214.3000030517578,10,2025-07-22 19:09:00,2025-07-22 19:10:00,-2.042902374267578,100555.0,112279.0,0.21774775093165208,0.8562027301887798
197,AAPL,LONG,214.35989379882812,214.19500732421875,10,2025-07-22 19:11:00,2025-07-22 19:12:00,-3.7908148193359374,-89131.0,-68656.0,0.9852569587122685,0.9952227859742022
198,QQQ,LONG,561.7550048828125,561.77001953125,10,2025-07-22 19:32:00,2025-07-22 19:33:00,-5.4675537109375005,65878.0,58273.0,0.6375635541205095,0.8426962768941323
199,AMZN,LONG,227.8699951171875,227.84500122070312,10,2025-07-22 19:34:00,2025-07-22 19:35:00,-2.5283889770507812,-31692.0,639022.0,0.579487411254198,0.3600996619534089
200,QQQ,LONG,561.8599853515625,561.72998046875,10,2025-07-22 19:43:00,2025-07-22 19:44:00,-6.9173486328125,-285229.0,0.0,0.9653956217654622,0.9293723941661386
201,MSFT,SHORT,505.4800109863281,505.43499755859375,-10,2025-07-22 19:50:00,2025-07-22 19:51:00,-5.504484252929688,-39383.0,38226.0,0.20265268900771566,0.30483448456975026
202,AAPL,LONG,214.22000122070312,214.27499389648438,10,2025-07-22 19:51:00,2025-07-22 19:52:00,-1.592823181152344,146997.0,-190665.0,0.1876013984876957,0.5812402387137211
203,QQQ,SHORT,561.6900024414062,561.510009765625,-10,2025-07-22 19:54:00,2025-07-22 19:56:00,-7.41502685546875,-184671.0,271501.0,-0.6096506650033598,0.6497996313117701
204,AMZN,SHORT,227.60499572753906,227.7100067138672,-10,2025-07-22 19:56:00,2025-07-22 19:57:00,-1.2269902038574219,154911.0,155015.0,0.05872831617630708,0.2877265773326395
205,AAPL,LONG,214.51499938964844,215.0449981689453,10,2025-07-22 19:57:00,2025-07-23 13:30:00,3.1495378112792967,287297.0,3211385.0,0.6390266986123223,0.9910585027043592
206,QQQ,LONG,561.780029296875,562.3400268554688,10,2025-07-22 19:58:00,2025-07-23 13:30:00,-0.023424682617187997,321079.0,1335477.0,0.6638207471348744,0.6062979996161243
207,AAPL,LONG,214.9499969482422,214.8699951171875,10,2025-07-23 13:31:00,2025-07-23 13:32:00,-2.94871826171875,-353879.0,-264696.0,0.9808488636508087,0.9452295594956318
209,MSFT,SHORT,503.1600036621094,502.67999267578125,-10,2025-07-23 13:31:00,2025-07-23 13:32:00,-9.826909790039062,-94798.0,90249.0,-0.7065655888463015,-0.7351749203207447
208,AMZN,LONG,228.33999633789062,228.50999450683594,10,2025-07-23 13:31:00,2025-07-23 13:34:00,-0.5851182556152343,124439.0,-182286.0,0.982955035682801,0.9051131199443029
210,AAPL,LONG,214.50999450683594,214.40499877929688,10,2025-07-23 13:35:00,2025-07-23 13:36:00,-3.1940072631835936,-249075.0,-147282.0,0.8623522745226966,0.6160032505412933
211,AAPL,LONG,214.47000122070312,214.15089416503906,10,2025-07-23 13:39:00,2025-07-23 13:40:00,-5.3325794982910155,-138425.0,-357030.0,0.881801368185476,0.9153695505593592
212,AMZN,LONG,228.64999389648438,228.47999572753906,10,2025-07-23 13:39:00,2025-07-23 13:40:00,-3.9847816467285155,-272735.0,-221356.0,0.9302798395695787,0.8227527957397737
213,QQQ,LONG,561.6799926757812,561.4600219726562,10,2025-07-23 13:39:00,2025-07-23 13:40:00,-7.8143072509765625,-87068.0,-145838.0,0.8937353091644932,0.8198564844286378
214,AMZN,LONG,228.4199981689453,228.35000610351562,10,2025-07-23 13:49:00,2025-07-23 13:50:00,-2.983420715332031,-84003.0,-65298.0,0.6991941158924365,0.6536779828666915
215,AMZN,LONG,228.5749969482422,228.48849487304688,10,2025-07-23 13:54:00,2025-07-23 13:55:00,-3.1499057006835938,-135784.0,69241.0,0.7731829804373291,0.7308791657208948
216,AAPL,LONG,213.00999450683594,212.8800048828125,10,2025-07-23 14:06:00,2025-07-23 14:07:00,-3.4286962890625,-176671.0,195543.0,0.3007851933874358,-0.027138847257141135
217,QQQ,LONG,560.239990234375,560.3800048828125,10,2025-07-23 14:16:00,2025-07-23 14:18:00,-4.203653564453125,121914.0,-85744.0,0.9718584469511496,0.9159454291215745
218,AAPL,LONG,213.00999450683594,213.01080322265625,10,2025-07-23 14:18:00,2025-07-23 14:19:00,-2.1220208740234376,-128455.0,0.0,0.544781141743012,0.6069201264170362
219,QQQ,LONG,561.1500244140625,561.0599975585938,10,2025-07-23 15:01:00,2025-07-23 15:02:00,-6.510868530273438,-119920.0,-125651.0,0.9818513626869505,0.9371794134130219
220,AAPL,SHORT,212.77999877929688,212.7100067138672,-10,2025-07-23 15:14:00,2025-07-23 15:15:00,-2.827020721435547,-53144.0,-70866.0,-0.4179843482893664,-0.3123456333622192
221,QQQ,LONG,561.0700073242188,560.9199829101562,10,2025-07-23 15:37:00,2025-07-23 15:38:00,-7.109443969726563,-31084.0,29509.0,0.9010913424232638,0.9404895378650312
222,QQQ,LONG,561.3099975585938,561.4923706054688,10,2025-07-23 15:52:00,2025-07-23 15:53:00,-3.7911932373046877,59301.0,93809.0,0.8254517184244003,0.8493226669914855
223,AAPL,LONG,213.57000732421875,213.5,10,2025-07-23 15:55:00,2025-07-23 15:56:00,-2.8350732421875002,-154647.0,187098.0,0.6644849213896794,0.6979717170941634
225,MSFT,LONG,505.05999755859375,504.8999938964844,10,2025-07-23 15:55:00,2025-07-23 15:56:00,-6.649036560058594,-54306.0,50871.0,0.5986332128823735,0.6052165608876169
224,AMZN,LONG,228.13999938964844,228.18499755859375,10,2025-07-23 15:55:00,2025-07-23 15:57:00,-1.8318682861328126,106164.0,-56333.0,0.9563402479701549,0.8572926270024144
227,AAPL,LONG,213.63290405273438,213.44000244140625,10,2025-07-23 15:57:00,2025-07-23 15:58:00,-4.063416137695313,-88043.0,-107292.0,0.8741317610727887,0.9163451510050062
226,QQQ,LONG,562.3400268554688,562.3707275390625,10,2025-07-23 15:55:00,2025-07-23 15:58:00,-5.316700439453125,417698.0,-204692.0,0.8923581986835573,0.9620001329946092
228,QQQ,LONG,562.0,562.25,10,2025-07-23 16:02:00,2025-07-23 16:04:00,-3.1225000000000005,182039.0,168079.0,0.6242181390184479,0.9582847256292079
229,QQQ,LONG,562.280029296875,562.0700073242188,10,2025-07-23 16:05:00,2025-07-23 16:06:00,-7.720919799804688,-84548.0,125108.0,0.9620440059072011,0.9679570967212155
230,QQQ,LONG,562.1400146484375,562.1699829101562,10,2025-07-23 16:07:00,2025-07-23 16:10:00,-5.322017211914063,109218.0,-153259.0,0.9539948515722121,0.953908644028821
231,AAPL,LONG,213.67730712890625,213.59910583496094,10,2025-07-23 16:16:00,2025-07-23 16:17:00,-2.9180039978027343,-74039.0,-51005.0,0.7779358573109018,0.9275437906415782
232,QQQ,LONG,561.260009765625,561.219970703125,10,2025-07-23 16:40:00,2025-07-23 16:41:00,-6.01259033203125,-83858.0,44013.0,0.867145956828895,0.855919119570469
233,QQQ,LONG,561.5599975585938,561.7100219726562,10,2025-07-23 17:03:00,2025-07-23 17:04:00,-4.116856079101563,40959.0,47758.0,0.9724085797389826,0.9145239656946436
234,QQQ,LONG,561.8900146484375,561.8049926757812,10,2025-07-23 17:38:00,2025-07-23 17:39:00,-6.468269653320313,-21888.0,23306.0,0.7455973899623377,0.6235288855095555
235,AAPL,LONG,214.61000061035156,214.625,10,2025-07-23 17:44:00,2025-07-23 17:45:00,-1.9962561035156252,57995.0,-73784.0,0.6049351978131261,0.9942023797579213
236,QQQ,LONG,562.3300170898438,562.3099975585938,10,2025-07-23 17:45:00,2025-07-23 17:46:00,-5.823295288085937,-60517.0,59148.0,0.9743674699496407,0.9629396382955864
237,QQQ,LONG,562.0994262695312,562.0900268554688,10,2025-07-23 17:53:00,2025-07-23 17:54:00,-5.714894409179688,58644.0,47686.0,0.9952953762890435,0.9956204071666834
238,QQQ,LONG,562.440673828125,562.5599975585938,10,2025-07-23 18:01:00,2025-07-23 18:02:00,-4.432362670898438,73379.0,-62202.0,0.6483192174928818,0.48710004939621626
239,QQQ,LONG,563.0999755859375,562.9592895507812,10,2025-07-23 18:15:00,2025-07-23 18:16:00,-7.0364532470703125,-125137.0,69267.0,0.8672040506381895,0.9514067824319237
240,QQQ,LONG,563.3599853515625,563.4249877929688,10,2025-07-23 18:23:00,2025-07-23 18:24:00,-4.984225463867188,71025.0,57079.0,0.7772202435160057,0.6149072572664459
241,QQQ,LONG,563.7700805664062,563.5599975585938,10,2025-07-23 18:26:00,2025-07-23 18:27:00,-7.736430053710937,-88199.0,-95496.0,0.9710509068502217,0.9513810170462396
242,QQQ,LONG,563.2000122070312,563.1699829101562,10,2025-07-23 18:45:00,2025-07-23 18:46:00,-5.931992797851563,-37301.0,21023.0,0.8403666775522676,0.7204836908192593
243,QQQ,LONG,563.1799926757812,563.1301879882812,10,2025-07-23 19:10:00,2025-07-23 19:11:00,-6.1293487548828125,-45425.0,31236.0,0.7197435902299376,0.8617864869253373
244,AAPL,SHORT,214.0500030517578,214.0449981689453,-10,2025-07-23 19:35:00,2025-07-23 19:36:00,-2.190498809814453,73120.0,-54850.0,-0.2549952962475982,-0.0255555022047791
245,QQQ,LONG,562.8693237304688,562.72998046875,10,2025-07-23 19:48:00,2025-07-23 19:49:00,-7.0207324218750005,-65567.0,73413.0,0.9460380211250565,0.9146080256434805
246,AMZN,LONG,228.1199951171875,228.1699981689453,10,2025-07-23 19:51:00,2025-07-23 19:52:00,-1.781669464111328,67158.0,120694.0,0.6659833544512102,0.6857246325443708
248,AAPL,SHORT,213.69000244140625,213.94000244140625,-10,2025-07-23 19:52:00,2025-07-23 19:53:00,0.3605999755859375,198679.0,134482.0,-0.029651744629461865,-0.16334002402833836
249,AMZN,LONG,228.25999450683594,228.27999877929688,10,2025-07-23 19:53:00,2025-07-23 19:54:00,-2.082757263183594,74884.0,-247963.0,0.15801192942358938,0.9506827470191767
247,QQQ,LONG,562.8800048828125,563.2100219726562,10,2025-07-23 19:51:00,2025-07-23 19:54:00,-2.3319293212890626,257302.0,-218554.0,0.8913689797826946,0.9355995384932513
250,AMZN,LONG,228.09500122070312,228.0449981689453,10,2025-07-23 19:56:00,2025-07-23 19:58:00,-2.7804804992675782,146026.0,-151934.0,0.9323591389109491,0.7395736265925683
251,MSFT,LONG,505.3399963378906,505.510009765625,10,2025-07-23 19:56:00,2025-07-23 19:58:00,-3.3549658203124997,143689.0,106812.0,0.7542861475818962,0.5595731954627475
252,QQQ,LONG,563.1599731445312,563.260009765625,10,2025-07-23 19:56:00,2025-07-23 19:59:00,-4.63223388671875,382786.0,833490.0,0.9717011767710844,0.9758602608103504
